dx,error
0.0025,0.000336664115367
0.01,0.00675183613001
0.005,0.00138947010117
0.00125,8.33464331591e-05
